timestamp,open,high,low,close,volume
1736532660000,5.62053355079218e-06,1.27627064929402e-05,5.62053355079218e-06,1.107505852116221e-05,5746.397613781335
1736532720000,1.107505852116221e-05,1.456824711216544e-05,8.62625909937339e-06,8.62625909937339e-06,5746.1377028169745
1736532780000,8.62625909937339e-06,1.148425897897796e-05,8.62625909937339e-06,1.056558097693839e-05,2396.841123909
1736532840000,1.056558097693839e-05,1.175836413917914e-05,1.021894840508237e-05,1.149198470070164e-05,849.6466237360651
1736532900000,1.149198470070164e-05,1.149198470070164e-05,1.006673209730381e-05,1.056912167688871e-05,773.127549713995
1736532960000,1.056912167688871e-05,1.056912210040165e-05,1.03797147810538e-05,1.03908478611126e-05,215.91843130359499
1736533020000,1.03908478611126e-05,1.266926799119264e-05,1.005719240774656e-05,1.204706114783174e-05,2475.592720180185
1736533080000,1.204706114783174e-05,2.151434659760204e-05,1.204706114783174e-05,2.151434580147363e-05,3160.485632736675
1736533140000,2.151434580147363e-05,2.396637140160486e-05,1.872872562453825e-05,2.169400313068044e-05,4454.02548383188
1736533200000,2.169400313068044e-05,2.624930806129371e-05,2.160694984257097e-05,2.274827012821248e-05,3915.298915508385
1736533260000,2.274827012821248e-05,3.356243294381048e-05,2.274827012821248e-05,3.352437526735583e-05,3817.189338132135
1736533320000,3.352437526735583e-05,3.85078196972915e-05,2.825965107395245e-05,3.730477340181415e-05,5214.49902220601
1736533380000,3.730477340181415e-05,3.973066070721974e-05,3.542583060855113e-05,3.828744229820543e-05,4394.8311547854455
1736533440000,3.828744229820543e-05,7.124109227824363e-05,3.828744229820543e-05,6.392456546620636e-05,19301.16767383468
1736533500000,6.392456546620636e-05,7.788797482580613e-05,5.570575722289373e-05,7.788797482580613e-05,16020.01904568277
1736533620000,7.788797482580613e-05,0.00014351551534143127,7.674993450131095e-05,0.000113123952637845,49373.83080592587
1736533680000,0.000113123952637845,0.00016023500850486315,8.964740534352343e-05,0.0001538025025214512,43838.89383217551
1736533740000,0.0001538025025214512,0.00019967509771891801,0.00013704193005567613,0.00015954335749558782,45534.3399858307
1736533800000,0.00015954335749558782,0.0001807241534435332,0.00013068326760229892,0.00016434631594423147,33517.52705030313
1736533860000,0.00016434631594423147,0.0002839436709834071,0.00015679406268145215,0.0002117925127462799,66516.4333026586
1736533920000,0.0002117925127462799,0.000244253911166444,0.00018206343897842,0.0002003496604462197,51688.53902788086
1736533980000,0.0002003496604462197,0.0002811733162467333,0.00013848389946633936,0.00017355392864824352,79301.63932270878
1736534040000,0.00017355392864824352,0.00022675858644199132,0.00017355392864824352,0.00021003189467479967,27893.74796208693
1736534100000,0.00021003189467479967,0.00024127562336406593,0.0001680809947197613,0.00023522979686898174,36214.58340623575
1736534160000,0.00023522979686898174,0.00023884116374958767,0.00015575653204875946,0.00016180062143186625,53782.435682854266
1736534220000,0.00016180062143186625,0.0002121923029145477,0.00014686007164150196,0.00020670532154655553,35101.34814322591
1736534280000,0.00020670532154655553,0.00026675976176691917,0.0001700254432603995,0.0002557923958247603,52061.83960383104
1736534340000,0.0002557923958247603,0.0003231358742217788,0.00023514524128008852,0.00028653813576850313,55403.257258061225
1736534400000,0.00028653813576850313,0.00033584182654292267,0.0002479731812752581,0.0003099000459291304,44145.29781474336
1736534460000,0.0003099000459291304,0.0003581243882501121,0.00019917989665823482,0.00024759019110090144,91105.2488165421
1736534520000,0.00024759019110090144,0.000323979295027828,0.00023351757671213078,0.00024454007666239796,40632.83193653153
1736534580000,0.00024454007666239796,0.00025171041505575,0.00021134735153460757,0.0002227186883523886,26813.28399742319
1736534640000,0.0002227186883523886,0.000250548858473244,0.0001657637429656526,0.00018505996689865118,71392.51768220478
1736534700000,0.00018505996689865118,0.00024128757837791983,0.0001836027549252244,0.00020625407639027725,22364.72994022662
1736534760000,0.00020625407639027725,0.00020625407639027725,0.0001266464118734464,0.0001592491498570562,62167.037023498866
1736534820000,0.0001592491498570562,0.00017108109034777842,0.00013418939303064207,0.000169371050985717,24350.11837768993
1736534880000,0.000169371050985717,0.00027355934072094293,0.00016071925754752224,0.00018766814149459585,32424.433403386363
1736534940000,0.00018766814149459585,0.00018766814149459585,0.00012789406352482736,0.00014136373208561807,16078.937186283929
1736535000000,0.00014136373208561807,0.00015439401080596547,6.84375465012633e-05,8.35765005829917e-05,55461.15677918017
1736535060000,8.35765005829917e-05,0.00010893105042712407,6.839091794217179e-05,6.921971528018881e-05,22566.21945512523
1736535120000,6.921971528018881e-05,0.00010410491888908866,4.634702116071779e-05,0.00010056073371207695,44749.774072743836
1736535180000,0.00010056073371207695,0.00010419674523378773,6.688325896537724e-05,8.355815038703879e-05,31885.073656182725
1736535240000,8.355815038703879e-05,8.355815038703879e-05,4.907991039448544e-05,4.985625286461763e-05,14770.909640965236
1736535300000,4.985625286461763e-05,7.282097458343298e-05,3.889165776777464e-05,6.127806727301529e-05,36973.13952357566
1736535360000,6.127806727301529e-05,6.127806727301529e-05,3.381642243422827e-05,4.180408582795026e-05,9819.05830877834
1736535420000,4.180408582795026e-05,5.316686151660681e-05,4.146307202618752e-05,4.88781619251e-05,5007.804817962695
1736535480000,4.88781619251e-05,6.040786476480874e-05,4.733140077549986e-05,4.802361527205176e-05,5639.710146426325
1736535540000,4.802361527205176e-05,6.266825626649739e-05,4.802361527205176e-05,5.98385876089044e-05,4262.70536983863
1736535600000,5.98385876089044e-05,7.687263018721292e-05,5.93095967225371e-05,6.29747075952802e-05,8032.182106760445
1736535660000,6.29747075952802e-05,6.325945140824818e-05,5.840863387961522e-05,5.847707765312842e-05,2709.22990358079
1736535720000,5.847707765312842e-05,5.847707765312842e-05,4.880653590119774e-05,4.948099386937533e-05,3031.011634324795
1736535780000,4.948099386937533e-05,6.741369042517419e-05,4.895966730806897e-05,6.50677079284264e-05,3256.257830401475
1736535840000,6.50677079284264e-05,6.559704964402949e-05,5.779495261408556e-05,5.779495261408556e-05,1613.003891905805
1736535900000,5.779495261408556e-05,5.779495261408556e-05,4.10646459669946e-05,4.131687801525572e-05,3069.1767998097152
1736535960000,4.131687801525572e-05,4.564179049372315e-05,4.8071482123512785e-05,4.531491799441249e-05,4555.627508963925
1736536020000,4.531491799441249e-05,5.269063760599533e-05,4.409873955967068e-05,4.755961904439007e-05,2982.499904718285
1736536080000,4.755961904439007e-05,5.153454739993123e-05,4.666680092281652e-05,5.153454739993123e-05,870.841578215385
1736536140000,5.153454739993123e-05,5.29614877541543e-05,4.867928659362132e-05,4.867928659362132e-05,1174.546405772885
1736536200000,4.867928659362132e-05,5.245043832568136e-05,4.746367765340425e-05,5.245043832568136e-05,998.8804640035199
1736536260000,5.245043832568136e-05,5.407833065256893e-05,5.053552769523921e-05,5.053552769523921e-05,721.350487521905
1736536320000,5.053552769523921e-05,6.352514076339837e-05,4.838328074211459e-05,5.3202415914853024e-05,3192.51518431815
1736536380000,5.3202415914853024e-05,5.5014890386608e-05,5.550120623471201e-05,5.575430598388257e-05,1139.6472533578449
1736536440000,5.575430598388257e-05,5.631429358741308e-05,5.230198687093659e-05,5.501887033066837e-05,2362.78776675491
1736536500000,5.501887033066837e-05,5.676158522510574e-05,5.36108798978983e-05,5.395439350402469e-05,1279.4739633865952
1736536560000,5.395439350402469e-05,5.553041245312654e-05,5.370086797869735e-05,5.449936832008946e-05,674.932830786825
1736536620000,5.449936832008946e-05,5.449936832008946e-05,4.980361547736724e-05,4.980361547736724e-05,1104.748100942805
1736536680000,4.980361547736724e-05,5.00586422488024e-05,2.777810404659465e-05,5.08066556551999e-05,4325.83115729414
1736536740000,5.08066556551999e-05,5.104343156286805e-05,2.516707225227379e-05,4.63836335044225e-05,2711.047538945538
1736536800000,4.63836335044225e-05,4.63836335044225e-05,4.286662166651556e-05,4.34673856946428e-05,697.643986957215
1736536860000,4.34673856946428e-05,4.34673856946428e-05,3.558803799497333e-05,3.927274297616762e-05,3175.81385990009
1736536920000,3.927274297616762e-05,5.466342784681855e-05,3.865559100090573e-05,5.180969583303256e-05,3059.307311136165
1736536980000,5.180969583303256e-05,6.395082208301797e-05,4.980785612738338e-05,6.395082208301797e-05,4029.390825494095
1736537040000,6.395082208301797e-05,8.159879869105237e-05,6.361708408467612e-05,7.577468477508815e-05,6313.586560690125
1736537100000,7.577468477508815e-05,9.355913593755741e-05,7.205215785869594e-05,9.026838595919322e-05,5123.882619315065
1736537160000,9.026838595919322e-05,9.107295246511601e-05,7.026822565530996e-05,7.921606270766448e-05,4974.411004885325
1736537220000,7.921606270766448e-05,8.579106037545501e-05,7.90087935934814e-05,8.537669877991271e-05,1795.694790174045
1736537280000,8.537669877991271e-05,8.553010750689837e-05,4.88487555126348e-05,6.225104327842236e-05,11504.25490300996
1736537340000,6.225104327842236e-05,6.782940715108045e-05,5.483363950743621e-05,6.448205239795732e-05,8556.65412512142
1736537400000,6.448205239795732e-05,6.935802760463143e-05,5.732341312502866e-05,5.811598319270273e-05,4824.939390455585
1736537460000,5.811598319270273e-05,6.221038329704664e-05,5.744473298422317e-05,6.221038329704664e-05,989.28677009864
1736537520000,6.221038329704664e-05,6.265049072740076e-05,5.206705531660996e-05,5.206705531660996e-05,2420.879961257285
1736537580000,5.206705531660996e-05,5.206705531660996e-05,4.323891287607028e-05,4.682128037720227e-05,2604.7028914031202
1736537640000,4.682128037720227e-05,4.7640372376125e-05,4.537679294584364e-05,4.537679294584364e-05,960.687574020655
1736537700000,4.537679294584364e-05,4.537679294584364e-05,4.069001215373399e-05,4.101122781067047e-05,686.314434684735
1736537760000,4.101122781067047e-05,4.101122781067047e-05,3.983855072625604e-05,4.041305245033563e-05,651.80545081433
1736537820000,4.041305245033563e-05,4.693546623769934e-05,4.040615126469159e-05,4.693546623769934e-05,1189.31808274235
1736537880000,4.693546623769934e-05,5.420758411713807e-05,4.693546623769934e-05,5.222596875637701e-05,2096.202846892745
1736537940000,5.222596875637701e-05,5.508725102309667e-05,5.032334517256922e-05,5.465541082503505e-05,688.67314496372
1736538000000,5.465541082503505e-05,5.551832190385181e-05,5.244468134763176e-05,5.551832190385181e-05,1823.197183802445
1736538060000,5.551832190385181e-05,5.662486301191001e-05,4.0758767954781206e-05,5.477870386746073e-05,514.01046799764
1736538120000,5.477870386746073e-05,5.477870386746073e-05,4.111138464487082e-05,4.130209674222845e-05,1714.85829921659
1736538180000,4.130209674222845e-05,4.281144231641081e-05,3.769075382453766e-05,3.769075382453766e-05,1255.103080950465
1736538240000,3.769075382453766e-05,3.921842504676309e-05,3.765812619805782e-05,3.921842504676309e-05,574.6995726619
1736538300000,3.921842504676309e-05,4.629763972262997e-05,3.921842504676309e-05,4.629763972262997e-05,1950.9259003385
1736538360000,4.629763972262997e-05,4.751463254426116e-05,4.444737723978952e-05,4.577273265171193e-05,3442.091126629275
1736538420000,4.577273265171193e-05,4.577273265171193e-05,3.518730948039614e-05,3.664587762027846e-05,1947.20528484757
1736538480000,3.664587762027846e-05,4.228471085254661e-05,3.605574995264312e-05,4.111929633256381e-05,2174.050146997695
1736538540000,4.111929633256381e-05,4.119410043012897e-05,4.047718596101559e-05,4.119410043012897e-05,283.43753090444
1736538600000,4.119410043012897e-05,4.161939812632721e-05,4.119410043012897e-05,4.153583097917473e-05,3.7252096549200004
1736538660000,4.153583097917473e-05,4.158299081181247e-05,3.882324640376686e-05,3.882324640376686e-05,792.0699769277849
1736538720000,3.882324640376686e-05,3.882324640376686e-05,3.17991541887463e-05,3.17991541887463e-05,1614.533997855255
1736538780000,3.17991541887463e-05,3.988969751131175e-05,2.83891277139944e-05,3.528688144379479e-05,1012.3631499292273
1736538840000,3.528688144379479e-05,3.647361110427176e-05,3.528688144379479e-05,3.633243031659315e-05,137.757973285145
1736538900000,3.633243031659315e-05,3.633243031659315e-05,3.156968415044179e-05,3.226386927605724e-05,1233.84784919052
1736538960000,3.226386927605724e-05,3.428268774830675e-05,3.089683344475627e-05,3.359242941577564e-05,1232.6563229306698
1736539020000,3.359242941577564e-05,3.759516494885165e-05,3.359242941577564e-05,3.759516494885165e-05,518.42793735445
1736539080000,3.759516494885165e-05,4.094456182393785e-05,3.346713006127259e-05,3.503249628267552e-05,1452.864251609585
1736539140000,3.503249628267552e-05,3.54228901795866e-05,3.491405786431666e-05,3.528626403059634e-05,116.10371631202499
1736539200000,3.528626403059634e-05,3.528626403059634e-05,3.055362486558941e-05,3.159962366637401e-05,1204.0703763330148
1736539260000,3.159962366637401e-05,3.159962366637401e-05,3.057569165196011e-05,3.057569165196011e-05,153.19792199595
1736539320000,3.057569165196011e-05,3.057569165196011e-05,2.930599764116446e-05,2.930599764116446e-05,378.12573634887
1736539380000,2.930599764116446e-05,2.930599764116446e-05,2.724166860449024e-05,2.724166860449024e-05,220.658402932205
1736539440000,2.724166860449024e-05,2.843875878304775e-05,2.704654738993589e-05,2.843875878304775e-05,896.66973321981
1736539500000,2.843875878304775e-05,3.252215711938018e-05,2.818742161610794e-05,3.038520924109515e-05,1233.256714804275
1736539560000,3.038520924109515e-05,3.049137022471117e-05,2.404444108896197e-05,2.409923433981031e-05,1193.40480992792
1736539620000,2.409923433981031e-05,2.532159379275221e-05,2.377070078746044e-05,2.426447696480783e-05,701.418289178475
1736539680000,2.426447696480783e-05,2.541966773173048e-05,2.426447696480783e-05,2.538666602862846e-05,238.88669566465
1736539740000,2.538666602862846e-05,2.538666602862846e-05,2.459027660006587e-05,2.459027660006587e-05,186.43774864542502
1736539800000,2.459027660006587e-05,2.583458279155649e-05,2.44236085870425e-05,2.583458279155649e-05,514.75175659527
1736539860000,2.583458279155649e-05,2.801032407943584e-05,2.583458279155649e-05,2.553843610146283e-05,406.07293575
1736539920000,2.553843610146283e-05,2.801032407943584e-05,2.562510442125895e-05,2.584944100748369e-05,468.073721038665
1736539980000,2.584944100748369e-05,2.584944100748369e-05,2.578618943453962e-05,2.578618943453962e-05,12.411941481860001
1736540040000,2.578618943453962e-05,2.578618943453962e-05,2.496386210642262e-05,2.496386210642262e-05,223.059261260815
1736540100000,2.496386210642262e-05,2.705519083677571e-05,2.447544075270321e-05,2.56902061742972e-05,1346.7025839964049
1736540160000,2.56902061742972e-05,3.123107636067379e-05,2.56902061742972e-05,3.123107636067379e-05,1603.74211364195
1736540220000,3.123107636067379e-05,3.123107636067379e-05,2.703890828068895e-05,2.942872608599038e-05,1398.454516345325
1736540280000,2.942872608599038e-05,2.95521259105842e-05,2.834873279481452e-05,2.834873279481452e-05,424.8789845821799
1736540340000,2.834873279481452e-05,2.834873279481452e-05,2.722590071939833e-05,2.723904552206173e-05,20.42590114805
1736540400000,2.723904552206173e-05,2.832105616040418e-05,2.720860894257307e-05,2.832105616040418e-05,387.14458825258
1736540460000,2.832105616040418e-05,2.995621043854203e-05,2.832105616040418e-05,2.995621043854203e-05,232.063267283325
1736540520000,2.995621043854203e-05,3.084043589306121e-05,2.939525014536321e-05,3.084043589306121e-05,797.944979064825
1736540580000,3.084043589306121e-05,3.785639171900626e-05,3.084043589306121e-05,3.48695219274552e-05,200.410052782785
1736540640000,3.48695219274552e-05,3.48695219274552e-05,3.259422495550292e-05,3.284020943246481e-05,69.5015641432
1736540700000,3.284020943246481e-05,3.297375926962804e-05,3.270502652299303e-05,3.270502652299303e-05,43.693835107475
1736540760000,3.270502652299303e-05,3.293428132433443e-05,3.270502652299303e-05,3.293428132433443e-05,58.847748008315
1736540820000,3.293428132433443e-05,3.359757059118235e-05,3.293428132433443e-05,3.355141551819724e-05,168.756838282245
1736540880000,3.355141551819724e-05,3.374296264705761e-05,3.255786276367729e-05,3.255786276367729e-05,206.0828227924
1736540940000,3.255786276367729e-05,3.258327347525398e-05,3.270502652299303e-05,3.251519102376641e-05,108.2327667133425
1736541000000,3.251519102376641e-05,3.346004225375518e-05,3.249446893328956e-05,3.346004225375518e-05,146.963969283485
1736541060000,3.346004225375518e-05,3.346004225375518e-05,3.326191383384099e-05,3.326191383384099e-05,9.61895611077
1736541120000,3.326191383384099e-05,3.368784359149698e-05,3.326191383384099e-05,3.3500726377317e-05,52.093804761515
1736541180000,3.3500726377317e-05,3.513908940563074e-05,3.3500726377317e-05,3.513908940563074e-05,291.6109709171
1736541240000,3.513908940563074e-05,3.513908940563074e-05,3.501485486514063e-05,3.501485486514063e-05,16.34242931847
1736541300000,3.501485486514063e-05,3.525589730528152e-05,3.501485486514063e-05,3.525589730528152e-05,21.868382369
1736541360000,3.525589730528152e-05,3.589600378643315e-05,3.525589730528152e-05,3.586087925924327e-05,53.6343502069025
1736541420000,3.586087925924327e-05,3.586087925924327e-05,3.543218626832751e-05,3.543218626832751e-05,3.63451929477
1736541480000,3.543218626832751e-05,3.596716112366391e-05,3.543218626832751e-05,3.596716112366391e-05,55.174895652290004
1736541540000,3.596716112366391e-05,3.649192971435163e-05,3.503719985970693e-05,3.525644820565819e-05,54.40462292959626
1736541600000,3.525644820565819e-05,3.655220823642341e-05,3.525644820565819e-05,3.648192935848908e-05,116.98077957422001
1736541660000,3.648192935848908e-05,3.654596754298848e-05,3.525617275546986e-05,3.632712273121563e-05,13.351475696725
1736541720000,3.632712273121563e-05,3.632712273121563e-05,3.538054966678389e-05,3.538054966678389e-05,130.064572068365
1736541780000,3.538054966678389e-05,3.538054966678389e-05,3.471284686620176e-05,3.471284686620176e-05,119.276487734295
1736541840000,3.471284686620176e-05,3.500242437929429e-05,3.336782693893056e-05,3.336782693893056e-05,118.1286336542575
1736541900000,3.336782693893056e-05,3.336782693893056e-05,2.945611414118046e-05,2.945611414118046e-05,418.87612338350993
1736541960000,2.945611414118046e-05,2.945611414118046e-05,2.665451172120007e-05,2.665451172120007e-05,517.0888934761649
1736542020000,2.665451172120007e-05,2.665451172120007e-05,2.655428926384461e-05,2.655428926384461e-05,1.0266319260749999
1736542080000,2.655428926384461e-05,2.655428926384461e-05,2.623683838615235e-05,2.623683838615235e-05,60.25108263091
1736542140000,2.623683838615235e-05,2.623683838615235e-05,2.342190001186041e-05,2.342190001186041e-05,1239.534991325085
1736542200000,2.342190001186041e-05,2.342190001186041e-05,2.058020220186352e-05,2.136403366042631e-05,504.58627587576
1736542260000,2.136403366042631e-05,2.41119824682752e-05,2.136403366042631e-05,2.41119824682752e-05,729.11532544044
1736542320000,2.41119824682752e-05,2.41119824682752e-05,2.259397600852509e-05,2.259397600852509e-05,442.22027005526
1736542380000,2.259397600852509e-05,2.259397600852509e-05,2.229462996635565e-05,2.25022845301064e-05,98.819988727135
1736542440000,2.25022845301064e-05,2.374696780647224e-05,2.25022845301064e-05,2.374696780647224e-05,243.9445
1736542500000,2.374696780647224e-05,2.642974687671892e-05,2.374696780647224e-05,2.642974687671892e-05,185.77845
1736542560000,2.642974687671892e-05,2.671828513397965e-05,2.642974687671892e-05,2.671828513397965e-05,25.081144908749998
1736542620000,2.671828513397965e-05,2.671828513397965e-05,2.644052921689081e-05,2.644052921689081e-05,85.23159949391
1736542740000,2.644052921689081e-05,2.660164795940187e-05,2.644052921689081e-05,2.660164795940187e-05,93.8725
1736542800000,2.660164795940187e-05,2.666100049794964e-05,2.660164795940187e-05,2.666100049794964e-05,9.5316609375
1736542860000,2.666100049794964e-05,2.722701761471391e-05,2.66186922327608e-05,2.722701761471391e-05,193.5796058125
1736542920000,2.722701761471391e-05,2.749120692030339e-05,2.701197329857226e-05,2.749120692030339e-05,318.054411363435
1736542980000,2.749120692030339e-05,2.798233343824757e-05,2.749120692030339e-05,2.787817142718514e-05,24.24168907509
1736543100000,2.787817142718514e-05,2.787817142718514e-05,2.270514424645332e-05,2.270514424645332e-05,128.1385432277275
1736543160000,2.270514424645332e-05,2.270514424645332e-05,2.241242327971793e-05,2.249905036872161e-05,106.73804010291501
1736543220000,2.249905036872161e-05,2.249905036872161e-05,2.188878587580944e-05,2.188878587580944e-05,149.53904635254
1736543280000,2.188878587580944e-05,2.188878587580944e-05,2.069068931474301e-05,2.069068931474301e-05,117.43829166532126
1736543340000,2.069068931474301e-05,2.069068931474301e-05,1.941993665034884e-05,1.941993665034884e-05,84.896614639515
1736543400000,1.941993665034884e-05,1.941993665034884e-05,1.869228726379691e-05,1.873706116255003e-05,165.016806968125
1736543460000,1.873706116255003e-05,1.873706116255003e-05,1.852805951201268e-05,1.852805951201268e-05,37.216047187875
1736543520000,1.852805951201268e-05,1.852805951201268e-05,1.847144283634296e-05,1.847144283634296e-05,17.656492833525
1736543640000,1.847144283634296e-05,1.847144283634296e-05,1.84544262849407e-05,1.84544262849407e-05,1.2360613758949999
1736543700000,1.84544262849407e-05,1.84544262849407e-05,1.689208059153437e-05,1.689208059153437e-05,361.35626850328
1736543760000,1.689208059153437e-05,1.689208059153437e-05,1.274502622989014e-05,1.287798777761866e-05,102.89071590007251
1736543820000,1.287798777761866e-05,1.287798777761866e-05,1.251299474653089e-05,1.251299474653089e-05,101.50690842907
1736543880000,1.251299474653089e-05,1.273388368941887e-05,1.248008940858912e-05,1.273388368941887e-05,104.27452337107502
1736543940000,1.273388368941887e-05,1.315345434680701e-05,1.273388368941887e-05,1.315345434680701e-05,179.19590051731498
1736544000000,1.315345434680701e-05,1.34126679470165e-05,1.315345434680701e-05,1.338783302508396e-05,7.604310829865
1736544060000,1.338783302508396e-05,1.338783302508396e-05,1.296509849544e-05,1.296509849544e-05,142.860100029325
1736544120000,1.296509849544e-05,1.296509849544e-05,1.283214884173644e-05,1.283214884173644e-05,6.324876339050001
1736544240000,1.283214884173644e-05,1.283214884173644e-05,1.182168106307004e-05,1.182168106307004e-05,63.4159989377925
1736544300000,1.182168106307004e-05,1.182168106307004e-05,1.09781658831398e-05,1.09781658831398e-05,44.7363743924
1736544420000,1.09781658831398e-05,1.09781658831398e-05,1.093370258106247e-05,1.093370258106247e-05,14.1115579242
1736544480000,1.093370258106247e-05,1.093370258106247e-05,1.079074525461603e-05,1.086306291231532e-05,51.73446626328
1736544540000,1.086306291231532e-05,1.108631560006245e-05,1.086306291231532e-05,1.108631560006245e-05,75.097531612305
1736544660000,1.108631560006245e-05,1.108631560006245e-05,1.075102936748975e-05,1.075102936748975e-05,29.4239661583
1736544720000,1.075102936748975e-05,1.075102936748975e-05,1.068627058058154e-05,1.068627058058154e-05,0.062656346885
1736544780000,1.068627058058154e-05,1.068627058058154e-05,1.062139057417247e-05,1.062139057417247e-05,6.31786114362
1736544840000,1.062139057417247e-05,1.062139057417247e-05,1.05900765405955e-05,1.05900765405955e-05,13.62573285032
1736544900000,1.05900765405955e-05,1.05900765405955e-05,1.055311823612774e-05,1.055311823612774e-05,5.970351000795001
1736544960000,1.055311823612774e-05,1.055311823612774e-05,1.053955804968268e-05,1.053955804968268e-05,6.957790939475
1736545020000,1.053955804968268e-05,1.10348561358809e-05,1.053955804968268e-05,1.071883680246691e-05,6.6378260415475
1736545140000,1.071883680246691e-05,1.071883680246691e-05,1.064086262453385e-05,1.064086262453385e-05,5.87958405792
1736545200000,1.064086262453385e-05,1.064086262453385e-05,1.062901043594104e-05,1.062901043594104e-05,1.27228093668
1736545260000,1.062901043594104e-05,1.098419789739927e-05,1.062901043594104e-05,1.098419789739927e-05,7.721695865715
1736545320000,1.098419789739927e-05,1.173032301309414e-05,1.098419789739927e-05,1.173032301309414e-05,8.103648328835
1736545440000,1.173032301309414e-05,1.173032301309414e-05,1.167193269649915e-05,1.167193269649915e-05,8.485600791955
1736545500000,1.167193269649915e-05,1.336565460314595e-05,1.167193269649915e-05,1.333609926222674e-05,30.166792867705
1736545560000,1.333609926222674e-05,1.343980454375914e-05,1.333609926222674e-05,1.343980454375914e-05,14.77107423484
1736545620000,1.343980454375914e-05,1.35569578465208e-05,1.343980454375914e-05,1.35569578465208e-05,24.514850000000003
1736545680000,1.35569578465208e-05,1.361273723620226e-05,1.354747595247e-05,1.354747595247e-05,27.57558976497
1736545800000,1.354747595247e-05,1.713321010168613e-05,1.350978939103706e-05,1.713321010168613e-05,40.4438597084225
1736545860000,1.713321010168613e-05,1.75890797728777e-05,1.713321010168613e-05,1.75890797728777e-05,50.72092654914
1736545920000,1.75890797728777e-05,1.787185410786493e-05,1.655482582747118e-05,1.655482582747118e-05,45.58239312878125
1736545980000,1.655482582747118e-05,1.655482582747118e-05,1.573842564985946e-05,1.573842564985946e-05,43.01312641860187
1736546040000,1.573842564985946e-05,1.591650418089877e-05,1.486411538895e-05,1.486411538895e-05,41.72849306351219
1736546100000,1.486411538895e-05,1.486411538895e-05,1.412493126431193e-05,1.412493126431193e-05,42.20600934269609
1736546160000,1.412493126431193e-05,1.41824449265903e-05,1.412493126431193e-05,1.41824449265903e-05,22.698152649975
1736546220000,1.41824449265903e-05,1.430265805175592e-05,1.41824449265903e-05,1.430265805175592e-05,29.9686475
1736546280000,1.430265805175592e-05,1.430265805175592e-05,1.427045254235635e-05,1.427045254235635e-05,0.695588786425
1736546400000,1.427045254235635e-05,1.427045254235635e-05,1.414205818665264e-05,1.414205818665264e-05,42.68352562188
1736546460000,1.414205818665264e-05,1.414205818665264e-05,1.407854973064749e-05,1.407854973064749e-05,1.5394122954
1736546580000,1.407854973064749e-05,1.407854973064749e-05,1.405128308711059e-05,1.405128308711059e-05,8.467958569995
1736546760000,1.405128308711059e-05,1.405128308711059e-05,1.402380105013995e-05,1.402380105013995e-05,3.688977699765
1736546940000,1.402380105013995e-05,1.411394203872126e-05,1.402380105013995e-05,1.411394203872126e-05,10.772869271814999
1736547000000,1.411394203872126e-05,1.414253739091489e-05,1.411226239368616e-05,1.414253739091489e-05,15.473956778299998
1736547060000,1.414253739091489e-05,1.422448826738407e-05,1.414253739091489e-05,1.417857964684966e-05,43.35954992223
1736547120000,1.417857964684966e-05,1.417857964684966e-05,1.411953768621914e-05,1.411953768621914e-05,14.821792538615
1736547180000,1.411953768621914e-05,1.423388791191648e-05,1.411953768621914e-05,1.423388791191648e-05,46.73625
1736547240000,1.423388791191648e-05,1.423388791191648e-05,1.334319507053879e-05,1.334319507053879e-05,14.0589328080775
1736547300000,1.334319507053879e-05,1.334319507053879e-05,1.329607307754e-05,1.329607307754e-05,13.29607307754
1736547360000,1.329607307754e-05,1.334447428669296e-05,1.329607307754e-05,1.334447428669296e-05,3.7356000000000003
1736547420000,1.334447428669296e-05,1.334447428669296e-05,1.330291259058022e-05,1.330291259058022e-05,0.45518822291999994
1736547480000,1.330291259058022e-05,1.330291259058022e-05,1.328118529189047e-05,1.328118529189047e-05,10.606852295234999
1736547600000,1.328118529189047e-05,1.334749329300378e-05,1.328118529189047e-05,1.334749329300378e-05,9.353250000000001
1736547720000,1.334749329300378e-05,1.334749329300378e-05,1.329276638681534e-05,1.329276638681534e-05,0.07793890071500001
1736547900000,1.329276638681534e-05,1.341606233623453e-05,1.329276638681534e-05,1.341606233623453e-05,24.72122650616
1736548140000,1.341606233623453e-05,1.341606233623453e-05,1.325201259944151e-05,1.325201259944151e-05,9.9800511476175
1736548260000,1.325201259944151e-05,1.325201259944151e-05,1.3242172207245e-05,1.3242172207245e-05,13.242172207244998
1736548500000,1.3242172207245e-05,1.3242172207245e-05,1.320792354322106e-05,1.320792354322106e-05,6.7042356582750005
1736548560000,1.320792354322106e-05,1.320792354322106e-05,1.319398217044071e-05,1.319398217044071e-05,4.7533700578
1736548800000,1.319398217044071e-05,1.319398217044071e-05,1.319147000386872e-05,1.319147000386872e-05,13.110181109360001
1736548920000,1.319147000386872e-05,1.319147000386872e-05,1.314051340701428e-05,1.314051340701428e-05,10.7538982279
1736548980000,1.314051340701428e-05,1.314051340701428e-05,1.256252853769787e-05,1.256252853769787e-05,10.2362312890975
1736549040000,1.256252853769787e-05,1.256252853769787e-05,1.200705736629279e-05,1.208572192124299e-05,9.718564350295
1736549100000,1.208572192124299e-05,1.208572192124299e-05,1.204122974979056e-05,1.204122974979056e-05,0.70756626558
1736549280000,1.204122974979056e-05,1.204122974979056e-05,1.203245620961201e-05,1.203245620961201e-05,1.16446945935
1736549340000,1.203245620961201e-05,1.203245620961201e-05,1.196209115434094e-05,1.196209115434094e-05,19.17731187906
1736549400000,1.196209115434094e-05,1.196209115434094e-05,1.193778494425481e-05,1.193778494425481e-05,9.93351157162
1736549520000,1.193778494425481e-05,1.193778494425481e-05,1.089484804533773e-05,1.089484804533773e-05,9.8260379609575
1736549580000,1.089484804533773e-05,1.089484804533773e-05,1.0580538052135e-05,1.0580538052135e-05,6.35389226855375
1736549820000,1.0580538052135e-05,1.0580538052135e-05,1.036096641704306e-05,1.036096641704306e-05,4.617819422351875
1736550180000,1.036096641704306e-05,1.036096641704306e-05,1.017378942020193e-05,1.017378942020193e-05,2.88174657615
1736550240000,1.017378942020193e-05,1.017378942020193e-05,1.016595081941113e-05,1.016595081941113e-05,0.096348508515
1736550360000,1.016595081941113e-05,1.016595081941113e-05,1.015616540012819e-05,1.015616540012819e-05,1.23844422394
1736550660000,1.015616540012819e-05,1.017553805531234e-05,1.015616540012819e-05,1.017553805531234e-05,2.10075649496
1736550780000,1.017553805531234e-05,1.017553805531234e-05,1.011626607717587e-05,1.011626607717587e-05,3.7497829992509377
1736550960000,1.011626607717587e-05,1.029148802559629e-05,1.011626607717587e-05,1.029148802559629e-05,2.732319240075
1736551020000,1.029148802559629e-05,1.074074657685797e-05,1.029148802559629e-05,1.074074657685797e-05,2.6576055720375
1736551080000,1.074074657685797e-05,1.101757586085141e-05,1.074074657685797e-05,1.101757586085141e-05,2.582891904
1736551200000,1.101757586085141e-05,1.164401784852187e-05,1.100645892853333e-05,1.164401784852187e-05,2.69496240605625
1736552040000,1.164401784852187e-05,1.167546865825054e-05,1.164401784852187e-05,1.167546865825054e-05,1.0536048452
1736552280000,1.167546865825054e-05,1.167546865825054e-05,1.083696928782595e-05,1.083696928782595e-05,2.713640823065625
1736552640000,1.083696928782595e-05,1.083696928782595e-05,1.05523518360349e-05,1.05523518360349e-05,1.159710534545
1736552760000,1.05523518360349e-05,1.05523518360349e-05,1.03738397933832e-05,1.03738397933832e-05,8.856790046857812
1736552820000,1.03738397933832e-05,1.03738397933832e-05,1.022769399373519e-05,1.022769399373519e-05,6.447192260891406
1736553240000,1.022769399373519e-05,1.055102837584625e-05,1.022769399373519e-05,1.055102837584625e-05,5.242393367908203
1736553600000,1.055102837584625e-05,1.094361688123074e-05,1.055102837584625e-05,1.094361688123074e-05,5.8447928143998045
1736553780000,1.094361688123074e-05,1.09473189713046e-05,1.094361688123074e-05,1.09473189713046e-05,14.99993927065
1736554620000,1.09473189713046e-05,1.09473189713046e-05,1.089336471417713e-05,1.089336471417713e-05,4.037594474925
1736554860000,1.089336471417713e-05,1.089336471417713e-05,1.087647082318366e-05,1.087647082318366e-05,0.7245332577750001
1736555340000,1.087647082318366e-05,1.087647082318366e-05,1.057249503244411e-05,1.057249503244411e-05,5.554966935429903
1736555520000,1.057249503244411e-05,1.063708141737548e-05,1.057249503244411e-05,1.063708141737548e-05,2.9792586885599994
1736555640000,1.063708141737548e-05,1.063708141737548e-05,1.04870511707513e-05,1.04870511707513e-05,5.410053995944951
1736555820000,1.04870511707513e-05,1.053711449629678e-05,1.04870511707513e-05,1.053711449629678e-05,11.2647
1736555880000,1.053711449629678e-05,1.053711449629678e-05,1.049460078508872e-05,1.049460078508872e-05,5.26514105646
1736556000000,1.049460078508872e-05,1.049460078508872e-05,1.046436937400927e-05,1.046436937400927e-05,0.23836761712
1736556120000,1.046436937400927e-05,1.046436937400927e-05,1.0454826223208e-05,1.0454826223208e-05,5.93056360534
1736556180000,1.0454826223208e-05,1.0454826223208e-05,1.020951467885452e-05,1.020951467885452e-05,5.337597526202476
1736556300000,1.020951467885452e-05,1.020951467885452e-05,9.979126087394e-06,9.979126087394e-06,4.328245068989999
1736556600000,9.979126087394e-06,9.979126087394e-06,9.9722860732905e-06,9.9722860732905e-06,0.24310826693999998
1736556720000,9.9722860732905e-06,9.9722860732905e-06,9.92204451553147e-06,9.92204451553147e-06,4.832921297596238
1736556960000,9.92204451553147e-06,9.92204451553147e-06,9.87099365974603e-06,9.87099365974603e-06,2.0634601618749997
1736557200000,9.87099365974603e-06,9.87099365974603e-06,9.8705767870845e-06,9.8705767870845e-06,0.11238596385
1736557260000,9.8705767870845e-06,9.8705767870845e-06,9.60407929180847e-06,9.60407929180847e-06,3.9629275531949997
1736557500000,9.60407929180847e-06,9.60407929180847e-06,9.42083758861914e-06,9.42083758861914e-06,3.7802687952975
1736557560000,9.42083758861914e-06,9.42083758861914e-06,9.38810908959337e-06,9.38810908959337e-06,3.87159817424625
1736557620000,9.38810908959337e-06,9.38810908959337e-06,9.35602003121119e-06,9.35602003121119e-06,0.12905133212499997
1736557920000,9.35602003121119e-06,9.35602003121119e-06,9.33234620196128e-06,9.33234620196128e-06,3.5976100374
1736558100000,9.33234620196128e-06,9.33234620196128e-06,9.16063989558299e-06,9.16063989558299e-06,3.825933484771875
1736558640000,9.16063989558299e-06,9.16063989558299e-06,9.04016805221575e-06,9.04016805221575e-06,3.8031011400346877
1736558700000,9.04016805221575e-06,9.04016805221575e-06,8.9627336591256e-06,8.9627336591256e-06,0.5799815127
1736559360000,8.9627336591256e-06,8.96384075331081e-06,8.95944427667911e-06,8.95944427667911e-06,1.9271543296000002
1736559420000,8.95944427667911e-06,8.95944427667911e-06,8.85921512085899e-06,8.85921512085899e-06,3.700355588717344
1736559540000,8.85921512085899e-06,8.98460001946403e-06,8.85921512085899e-06,8.87718815630429e-06,3.7517283643760155
1736560200000,8.87718815630429e-06,8.96305372132348e-06,8.86214111619123e-06,8.96305372132348e-06,3.075013749743672
1736560320000,8.96305372132348e-06,8.98381873831083e-06,8.96305372132348e-06,8.98381873831083e-06,2.44967191077
1736560740000,8.98381873831083e-06,8.98538130061723e-06,8.98381873831083e-06,8.98538130061723e-06,1.32486892855
1736563200000,8.98538130061723e-06,9.00425863268915e-06,8.98538130061723e-06,9.00425863268915e-06,4.635770220725
1736563620000,9.00425863268915e-06,9.00425863268915e-06,8.98665441931417e-06,8.98665441931417e-06,2.00043933225
1736563920000,8.98665441931417e-06,8.98665441931417e-06,8.98326441417578e-06,8.98326441417578e-06,0.6265569012
1736564460000,8.98326441417578e-06,1.138080702332275e-05,8.98326441417578e-06,1.138080702332275e-05,3.5427210657475
1736564520000,1.138080702332275e-05,1.138080702332275e-05,9.1563752084032e-06,9.94824565065658e-06,4.08924564323625
1736564580000,9.94824565065658e-06,1.173079284033936e-05,9.94824565065658e-06,1.065086169655696e-05,4.362507931980625
1736564640000,1.065086169655696e-05,1.145831619636163e-05,1.065086169655696e-05,1.145831619636163e-05,4.2258767876084375
1736564820000,1.145831619636163e-05,1.147519189995854e-05,1.145831619636163e-05,1.147519189995854e-05,1.778561014495
1736565000000,1.147519189995854e-05,1.153019957460454e-05,1.105457968118513e-05,1.105457968118513e-05,4.294192359794531
1736565060000,1.105457968118513e-05,1.105457968118513e-05,1.036585096768404e-05,1.036585096768404e-05,4.328350145887578
1736565540000,1.036585096768404e-05,1.036585096768404e-05,1.006260055855861e-05,1.006260055855861e-05,4.3454290389341015
1736566320000,1.006260055855861e-05,1.006260055855861e-05,1.001094074446301e-05,1.001094074446301e-05,3.8145060545000002
1736568600000,1.001094074446301e-05,1.001094074446301e-05,9.99647605220116e-06,9.99647605220116e-06,4.33688959241084
1736569140000,9.99647605220116e-06,9.99647605220116e-06,9.88103655032981e-06,9.88103655032981e-06,4.341159315672471
1736570160000,9.88103655032981e-06,9.88103655032981e-06,9.36867731095927e-06,9.36867731095927e-06,4.339024454041655
1736570280000,9.36867731095927e-06,9.36867731095927e-06,8.95759429689406e-06,8.95759429689406e-06,4.450247269215
1736571240000,8.95759429689406e-06,9.01743102024276e-06,8.95759429689406e-06,8.97349077973537e-06,3.05541407218
1736571780000,8.97349077973537e-06,8.97349077973537e-06,8.93830753198457e-06,8.93830753198457e-06,7.40625621448
1736572440000,8.93830753198457e-06,8.95697023058994e-06,8.93830753198457e-06,8.95697023058994e-06,0.68447568387
1736573220000,8.95697023058994e-06,8.95697023058994e-06,8.9193951712087e-06,8.9193951712087e-06,11.33786338154
1736573760000,8.9193951712087e-06,8.95976772992179e-06,8.89538877727685e-06,8.95976772992179e-06,2.5695380302225
1736576160000,8.95976772992179e-06,8.99255889393816e-06,8.95976772992179e-06,8.99255889393816e-06,1.016793961905
1736576220000,8.99255889393816e-06,8.99255889393816e-06,8.98433910298616e-06,8.98433910298616e-06,2.0836619882650003
1736577660000,8.98433910298616e-06,9.00251816561221e-06,8.98433910298616e-06,9.00251816561221e-06,1.0727973174699998
1736577720000,9.00251816561221e-06,9.00251816561221e-06,9.00056052812976e-06,9.00056052812976e-06,0.17378471536
1736578500000,9.00056052812976e-06,9.00056052812976e-06,8.96630942824821e-06,8.96630942824821e-06,1.1101684188199998
1736578800000,8.96630942824821e-06,8.96630942824821e-06,8.95624195978482e-06,8.95624195978482e-06,0.712641799335
1736578860000,8.95624195978482e-06,8.95624195978482e-06,8.95340804266068e-06,8.95340804266068e-06,2.64330726297
1736579460000,8.95340804266068e-06,8.95340804266068e-06,8.94096843900368e-06,8.94096843900368e-06,1.034860260845
1736579700000,8.94096843900368e-06,8.94096843900368e-06,8.91445851080449e-06,8.91445851080449e-06,0.00202861375
1736580420000,8.91445851080449e-06,8.91445851080449e-06,8.87367977975323e-06,8.87367977975323e-06,0.99692320422
1736580720000,8.87367977975323e-06,8.87367977975323e-06,8.8588307345659e-06,8.8588307345659e-06,0.2570367244
1736581140000,8.8588307345659e-06,8.8588307345659e-06,8.85690059195658e-06,8.85690059195658e-06,2.3679863977
1736581380000,8.85690059195658e-06,8.85690059195658e-06,8.8480927361281e-06,8.8480927361281e-06,0.3766529853
1736582220000,8.8480927361281e-06,8.86665501179765e-06,8.8480927361281e-06,8.86665501179765e-06,1.18404838723
1736583840000,8.86665501179765e-06,8.89035356530247e-06,8.86665501179765e-06,8.89035356530247e-06,0.43739878203000004
1736584140000,8.89035356530247e-06,8.870167395775442e-06,8.89035356530247e-06,8.95313124679181e-06,9.32775
1736584440000,8.95313124679181e-06,8.95313124679181e-06,8.88652754743042e-06,8.88652754743042e-06,9.25835763307
1736585520000,8.88652754743042e-06,8.88652754743042e-06,8.80884932732922e-06,8.80884932732922e-06,9.417098490525
1736586360000,8.80884932732922e-06,8.81181732140312e-06,8.80884932732922e-06,8.81181732140312e-06,4.5765176924699995
1736588640000,8.81181732140312e-06,8.82869956182645e-06,8.81181732140312e-06,8.82869956182645e-06,6.559125299610001
1736588820000,8.82869956182645e-06,8.82869956182645e-06,8.75136014278823e-06,8.75136014278823e-06,7.374370872555001
1736589060000,8.75136014278823e-06,8.75136014278823e-06,8.67781500028544e-06,8.67781500028544e-06,1.9437095312550001
1736589300000,8.67781500028544e-06,8.67781500028544e-06,8.61718898940572e-06,8.61718898940572e-06,1.580352903675
1736589600000,8.61718898940572e-06,8.6348779353679e-06,8.61718898940572e-06,8.6348779353679e-06,8.1896164455
1736592360000,8.6348779353679e-06,8.6348779353679e-06,8.60578665296061e-06,8.61043061084232e-06,1.07024640231
1736594520000,8.61043061084232e-06,8.61969362838365e-06,8.61043061084232e-06,8.61969362838365e-06,2.1638747182725
1736595900000,8.61969362838365e-06,8.61969362838365e-06,8.59216279370363e-06,8.59216279370363e-06,0.43793649361
1736596320000,8.59216279370363e-06,8.59216279370363e-06,8.59204725930724e-06,8.59204725930724e-06,0.24036767955000002
1736597820000,8.59204725930724e-06,8.60688349000122e-06,8.59204725930724e-06,8.60688349000122e-06,6.936745300485
1736597940000,8.60688349000122e-06,8.60688349000122e-06,8.5958572791788e-06,8.5958572791788e-06,2.38403990529
1736599260000,8.5958572791788e-06,8.5958572791788e-06,8.57942355002566e-06,8.57942355002566e-06,3.571667891305
1736599860000,8.57942355002566e-06,8.60137038459001e-06,8.57942355002566e-06,8.63728853465554e-06,1.7627013391225
1736600760000,8.63728853465554e-06,8.63728853465554e-06,8.58467051475426e-06,8.58467051475426e-06,0.6298730729550001
1736603340000,8.58467051475426e-06,8.58467051475426e-06,8.5436035914095e-06,8.5436035914095e-06,4.20637826448
1736604780000,8.5436035914095e-06,8.5436035914095e-06,8.52011056610646e-06,8.52011056610646e-06,1.141362772955
1736605680000,8.52011056610646e-06,8.52644814011477e-06,8.52011056610646e-06,8.52644814011477e-06,1.0057182413849999
1736605920000,8.52644814011477e-06,8.52644814011477e-06,8.52224087931483e-06,8.52224087931483e-06,3.2602227043800003
1736607000000,8.52224087931483e-06,8.5477420666783e-06,8.52224087931483e-06,8.5477420666783e-06,0.693209613495
1736607240000,8.5477420666783e-06,8.55850371133398e-06,8.5477420666783e-06,8.55850371133398e-06,1.2414883144950002
1736607720000,8.55850371133398e-06,8.56368313311976e-06,8.55850371133398e-06,8.56368313311976e-06,0.60451804001
1736607840000,8.56368313311976e-06,8.56368313311976e-06,8.54377429458679e-06,8.54377429458679e-06,1.2951056892675
1736608440000,8.54377429458679e-06,8.54377429458679e-06,8.48515134898839e-06,8.48515134898839e-06,1.756367541855
1736608740000,8.48515134898839e-06,8.48515134898839e-06,8.43474195977434e-06,8.43474195977434e-06,1.26829700188125
1736608980000,8.43474195977434e-06,8.43474195977434e-06,8.4073775136189e-06,8.4073775136189e-06,1.3487230640399999
1736610600000,8.4073775136189e-06,8.41419256276963e-06,8.4073775136189e-06,8.41419256276963e-06,1.1397017635949998
1736611080000,8.41419256276963e-06,8.41419256276963e-06,8.24038639472282e-06,8.24038639472282e-06,1.2817013455743749
1736611860000,8.24038639472282e-06,8.24038639472282e-06,8.06095116899126e-06,8.06095116899126e-06,0.043413991694999994
1736613000000,8.06095116899126e-06,8.06095116899126e-06,8.05789689523991e-06,8.05789689523991e-06,0.42273377019999997
1736613540000,8.05789689523991e-06,8.08931102326114e-06,8.05789689523991e-06,8.08931102326114e-06,0.13505018967
1736614080000,8.08931102326114e-06,8.08931102326114e-06,8.08830231450748e-06,8.08830231450748e-06,0.8574784824074999
1736614860000,8.08830231450748e-06,8.08830231450748e-06,8.04701958411783e-06,8.04701958411783e-06,0.71636684181375
1736615460000,8.04701958411783e-06,8.04701958411783e-06,7.96699817273394e-06,7.96699817273394e-06,0.6458110215168751
1736616720000,7.96699817273394e-06,7.99175863586306e-06,7.96699817273394e-06,7.99175863586306e-06,0.5752552012200001
1736616840000,7.99175863586306e-06,7.99608424968022e-06,7.99175863586306e-06,7.99608424968022e-06,0.4654229895
1736617260000,7.99608424968022e-06,7.99608424968022e-06,7.95805800562883e-06,7.95805800562883e-06,1.202564599695
1736617620000,7.95805800562883e-06,7.95805800562883e-06,7.94391968585227e-06,7.94391968585227e-06,3.0389832543199997
1736618340000,7.94391968585227e-06,7.94850663308825e-06,7.94391968585227e-06,7.94850663308825e-06,1.814497467435
1736619000000,7.94850663308825e-06,7.94850663308825e-06,7.93462700464763e-06,7.93462700464763e-06,1.8951857856425
1736619300000,7.93462700464763e-06,7.98850047998778e-06,7.93462700464763e-06,7.94861278818721e-06,1.97587410385
1736619900000,7.94861278818721e-06,7.94861278818721e-06,7.93437223039416e-06,7.93437223039416e-06,0.03550606003
1736622540000,7.93437223039416e-06,7.93437223039416e-06,7.92282517270275e-06,7.92282517270275e-06,2.507428679085
1736622840000,7.92282517270275e-06,7.92282517270275e-06,7.85834112956723e-06,7.85834112956723e-06,1.93552994474625
1736622900000,7.85834112956723e-06,7.85834112956723e-06,7.81437872870572e-06,7.81437872870572e-06,0.606150226075
1736628660000,7.81437872870572e-06,7.89769040506465e-06,7.81437872870572e-06,7.89769040506465e-06,4.5792202973550005
1736629440000,7.89769040506465e-06,7.89923589956739e-06,7.89769040506465e-06,7.89923589956739e-06,1.997725428463125
1736629800000,7.89923589956739e-06,7.89923589956739e-06,7.8839102042733e-06,7.8839102042733e-06,1.002397585205
1736629920000,7.8839102042733e-06,7.88899128335921e-06,7.8839102042733e-06,7.88899128335921e-06,2.05992091218
1736630220000,7.88899128335921e-06,7.89319646648261e-06,7.88899128335921e-06,7.89319646648261e-06,1.028760744825
1736633460000,7.89319646648261e-06,7.89319646648261e-06,7.8495599361859e-06,7.8495599361859e-06,3.426445720675
1736633940000,7.8495599361859e-06,7.8495599361859e-06,7.81330921467213e-06,7.81330921467213e-06,1.684946568195
1736635980000,7.81330921467213e-06,7.81330921467213e-06,7.75952147132594e-06,7.75952147132594e-06,3.8257065196349997
1736636880000,7.75952147132594e-06,7.75952147132594e-06,7.74007697427528e-06,7.74007697427528e-06,0.214278036885
1736640660000,7.74007697427528e-06,7.74007697427528e-06,7.69843520293782e-06,7.69843520293782e-06,2.555696144435
1736642040000,7.69843520293782e-06,7.71520872511528e-06,7.69843520293782e-06,7.71520872511528e-06,0.8673624882
1736642280000,7.71520872511528e-06,7.71520872511528e-06,7.66893791102357e-06,7.66893791102357e-06,1.1248160302399999
1736646000000,7.66893791102357e-06,7.66893791102357e-06,7.58497435877355e-06,7.58497435877355e-06,3.190701332035
1736646300000,7.58497435877355e-06,7.73821120741719e-06,7.58497435877355e-06,7.70682196402655e-06,2.873198738235
1736646960000,7.70682196402655e-06,7.72577708283719e-06,7.81814436477788e-06,7.81814436477788e-06,5.20273761
1736648160000,7.81814436477788e-06,7.81814436477788e-06,7.7363454405591e-06,7.7363454405591e-06,4.1967194710175
1736648880000,7.7363454405591e-06,7.7363454405591e-06,7.67078592665114e-06,7.67078592665114e-06,0.767144411675
1736655780000,7.67078592665114e-06,7.67078592665114e-06,7.60177161782168e-06,7.60177161782168e-06,40.90053197294
1736656140000,7.60177161782168e-06,7.60177161782168e-06,7.52730407184885e-06,7.52730407184885e-06,16.043111593075
1736657220000,7.52730407184885e-06,7.52730407184885e-06,7.47231934791999e-06,7.47231934791999e-06,24.649025317535003
1736665200000,7.47231934791999e-06,7.47231934791999e-06,7.29884187647143e-06,7.29884187647143e-06,62.059232102375
1736670000000,7.29884187647143e-06,7.29884187647143e-06,7.20255268267648e-06,7.20255268267648e-06,27.562461859715
1736683260000,7.20255268267648e-06,7.20255268267648e-06,7.18671149311996e-06,7.18671149311996e-06,22.8329969436
1736683500000,7.18671149311996e-06,7.18671149311996e-06,7.15103525364689e-06,7.15103525364689e-06,0.232221298095
1736683560000,7.15103525364689e-06,7.15103525364689e-06,7.10262951735004e-06,7.10262951735004e-06,33.95634733551
1736683620000,7.10262951735004e-06,7.10262951735004e-06,7.05688591472167e-06,7.05688591472167e-06,0.3734579416900001
1736686500000,7.05688591472167e-06,7.10859558639667e-06,7.05688591472167e-06,7.10859558639667e-06,9.709322716965
1736691360000,7.10859558639667e-06,7.10859558639667e-06,6.9751704845777e-06,6.9751704845777e-06,0.5333928690149999
1736692740000,6.9751704845777e-06,6.97830536380144e-06,6.9751704845777e-06,6.97830536380144e-06,10.04999493393
1736693160000,6.97830536380144e-06,6.99321594052446e-06,6.97830536380144e-06,6.99321594052446e-06,9.3686505
1736699880000,6.99321594052446e-06,7.05543294243427e-06,6.99321594052446e-06,7.05543294243427e-06,0.03649388913
1736700780000,7.05543294243427e-06,7.05543294243427e-06,6.92329419054496e-06,6.92329419054496e-06,9.8796588254475
1736702160000,6.92329419054496e-06,6.92329419054496e-06,6.62124131921572e-06,6.62124131921572e-06,9.96482687968875
1736704080000,6.62124131921572e-06,6.62124131921572e-06,6.40271058443131e-06,6.40271058443131e-06,16.3767829856
1736705160000,6.40271058443131e-06,6.40271058443131e-06,6.37166783001569e-06,6.37166783001569e-06,8.53597679654
1736707860000,6.37166783001569e-06,6.37166783001569e-06,6.32079708698805e-06,6.32079708698805e-06,12.4141475682
1736708100000,6.32079708698805e-06,6.32079708698805e-06,6.26274769580541e-06,6.26274769580541e-06,30.264267836400002
1736709900000,6.26274769580541e-06,6.26274769580541e-06,6.20568146426531e-06,6.20568146426531e-06,3.7066084165
1736712780000,6.20568146426531e-06,6.22831993685979e-06,6.20568146426531e-06,6.22831993685979e-06,1.0946652657450002
1736718240000,6.22831993685979e-06,6.22831993685979e-06,6.19130882117294e-06,6.19130882117294e-06,2.10920993909
1736720460000,6.19130882117294e-06,6.19130882117294e-06,6.13220974445069e-06,6.13220974445069e-06,1.45058288375
1736723760000,6.13220974445069e-06,6.13220974445069e-06,6.12672356966072e-06,6.12672356966072e-06,0.49212256925000003
1736729400000,6.12672356966072e-06,6.26573525164288e-06,6.12672356966072e-06,6.26573525164288e-06,2.756897344035
1736743560000,6.26573525164288e-06,6.26573525164288e-06,6.06784732381091e-06,6.06784732381091e-06,5.14178377587
1736745720000,6.06784732381091e-06,6.06784732381091e-06,5.97429810313187e-06,5.97429810313187e-06,1.77989641142
1736753760000,5.97429810313187e-06,5.97429810313187e-06,5.84107664723681e-06,5.84107664723681e-06,0.69421605312
1736761380000,5.84107664723681e-06,5.84107664723681e-06,5.7480568433147e-06,5.7480568433147e-06,0.943363972105
1736769600000,5.7480568433147e-06,5.7480568433147e-06,5.58931945711429e-06,5.58931945711429e-06,6.3771684782
1736771040000,5.58931945711429e-06,5.63812439332836e-06,5.58931945711429e-06,5.63812439332836e-06,0.12256858893499999
1736775180000,5.63812439332836e-06,5.63839071448231e-06,5.63812439332836e-06,5.63839071448231e-06,0.0032571037800000003
1736783700000,5.63839071448231e-06,5.69351679135332e-06,5.63839071448231e-06,5.69351679135332e-06,0.38473894797999997
1736797800000,5.69351679135332e-06,5.69351679135332e-06,5.64199911443769e-06,5.64199911443769e-06,1.7384791444075
1736800020000,5.64199911443769e-06,5.64199911443769e-06,5.61490405187034e-06,5.61490405187034e-06,5.95481938308
1736802060000,5.61490405187034e-06,5.73360406659255e-06,5.61490405187034e-06,5.73360406659255e-06,2.53359431671
1736804700000,5.73360406659255e-06,5.73725327166551e-06,5.73360406659255e-06,5.73725327166551e-06,0.285214186805
1736806320000,5.73725327166551e-06,5.76329416543439e-06,5.73725327166551e-06,5.76329416543439e-06,4.03862582805
1736807880000,5.76329416543439e-06,5.76329416543439e-06,5.73572600397131e-06,5.73572600397131e-06,1.38350533146
1736808240000,5.73572600397131e-06,5.74668225174534e-06,5.73572600397131e-06,5.74668225174534e-06,1.3781729140899999
1736816460000,5.74668225174534e-06,5.74668225174534e-06,5.73577048070635e-06,5.73577048070635e-06,1.6228041264200002
1736819700000,5.73577048070635e-06,5.73577048070635e-06,5.73480346162792e-06,5.73480346162792e-06,1.5031547289400002
1736830500000,5.73480346162792e-06,5.80856284724164e-06,5.73480346162792e-06,5.80856284724164e-06,1.24717890125
1736833560000,5.80856284724164e-06,5.80856284724164e-06,5.75399980162052e-06,5.75399980162052e-06,1.3808391227749999
1736833620000,5.75399980162052e-06,5.75399980162052e-06,5.63566891355801e-06,5.63566891355801e-06,1.3795060184324999
1736834460000,5.63566891355801e-06,5.63566891355801e-06,5.56575184686952e-06,5.56575184686952e-06,0.20367859630000001
1736858100000,5.56575184686952e-06,5.61069962344614e-06,5.56575184686952e-06,5.61069962344614e-06,0.37678119388000003
1736870040000,5.61069962344614e-06,5.63824480201919e-06,5.61069962344614e-06,5.63824480201919e-06,0.6619108988800001
1736871960000,5.63824480201919e-06,5.63824480201919e-06,5.61730853265913e-06,5.61730853265913e-06,1.6771124867149998
1736872800000,5.61730853265913e-06,5.63645950081707e-06,5.57850956014107e-06,5.57850956014107e-06,0.31454475012
1736877300000,5.57850956014107e-06,5.63645950081707e-06,5.57850956014107e-06,5.5922794633e-06,1.398069865825
1736897040000,5.5922794633e-06,5.63645950081707e-06,5.5922794633e-06,5.63645950081707e-06,1.4109284851
1736903100000,5.63645950081707e-06,5.63645950081707e-06,5.62061003657708e-06,5.62061003657708e-06,0.2419722077
1736905140000,5.62061003657708e-06,5.64061548570478e-06,5.62061003657708e-06,5.64061548570478e-06,2.10451027424
1736926200000,5.64061548570478e-06,5.70520909864693e-06,5.64061548570478e-06,5.70520909864693e-06,0.23487149069999996
1736970540000,5.70520909864693e-06,5.99730942576892e-06,5.70520909864693e-06,5.99730942576892e-06,1.3689919067625
1736982600000,5.99730942576892e-06,6.02694080997727e-06,5.99730942576892e-06,6.02694080997727e-06,0.47875903091000005
1736986680000,6.02694080997727e-06,6.03133478750771e-06,6.02694080997727e-06,6.03133478750771e-06,1.3399139477000002
1737009900000,6.03133478750771e-06,6.03133478750771e-06,5.98403336011179e-06,5.98403336011179e-06,0.775327054675
1737021240000,5.98403336011179e-06,5.98403336011179e-06,5.92925742818529e-06,5.92925742818529e-06,3.9457407258900004
1737025740000,5.92925742818529e-06,5.92925742818529e-06,5.87335029575458e-06,5.87335029575458e-06,1.0576205011875
1737031080000,5.87335029575458e-06,6.35287870464765e-06,5.87335029575458e-06,6.35287870464765e-06,3.43951686792
1737040260000,6.35287870464765e-06,6.35287870464765e-06,6.13594394330435e-06,6.13594394330435e-06,0.144943475285
1737056520000,6.13594394330435e-06,6.25281958891702e-06,6.13594394330435e-06,6.25281958891702e-06,0.21277799058
1737062820000,6.25281958891702e-06,6.25281958891702e-06,6.20879763125236e-06,6.20879763125236e-06,0.010589272395
1737067260000,6.20879763125236e-06,6.20879763125236e-06,6.13587617865701e-06,6.13587617865701e-06,1.6146182879100002
1737099300000,6.13587617865701e-06,6.19427790774192e-06,6.13587617865701e-06,6.19427790774192e-06,1.0814608219150001
1737101640000,6.19427790774192e-06,6.19427790774192e-06,6.19260499107884e-06,6.19260499107884e-06,0.22041590405999997
1737107880000,6.19260499107884e-06,6.22519306113722e-06,6.19260499107884e-06,6.22519306113722e-06,0.54830335592
1737132420000,6.22519306113722e-06,6.39228097362988e-06,6.22519306113722e-06,6.2194244489829604e-06,2.344657513575
1737132900000,6.2194244489829604e-06,6.39228097362988e-06,6.2136558368287e-06,6.2223087550600904e-06,4.417210557315
1737137400000,6.2223087550600904e-06,6.38574705309582e-06,6.23739593238209e-06,6.23739593238209e-06,0.23272952541
1737139320000,6.23739593238209e-06,6.23739593238209e-06,6.23674865340052e-06,6.23674865340052e-06,1.8777736291375
1737139380000,6.23674865340052e-06,6.23674865340052e-06,6.2136558368287e-06,6.2136558368287e-06,1.4108897447
1737155340000,6.2136558368287e-06,6.28560961534509e-06,6.2136558368287e-06,6.28560961534509e-06,1.347490929015
1737155580000,6.28560961534509e-06,6.28560961534509e-06,6.26683870576437e-06,6.26683870576437e-06,15.965914535804998
1737155700000,6.26683870576437e-06,6.51667685488542e-06,6.26683870576437e-06,6.51667685488542e-06,197.5995
1737155760000,6.51667685488542e-06,7.2004205014166e-06,6.26683870576437e-06,6.3523680013661755e-06,219.55499999999998
1737156480000,6.3523680013661755e-06,7.2004205014166e-06,6.26683870576437e-06,6.385747194376718e-06,100.54266303939501
1737167280000,6.385747194376718e-06,7.19774440655693e-06,6.26683870576437e-06,6.88764358499359e-06,70.83876218496
1737172200000,6.88764358499359e-06,6.88764358499359e-06,6.26683870576437e-06,6.41912638738726e-06,43.4023383603825
1737173520000,6.41912638738726e-06,6.41912638738726e-06,6.24030182765353e-06,6.24030182765353e-06,0.103479871535
1737182040000,6.24030182765353e-06,6.4842089713275e-06,6.24030182765353e-06,6.4842089713275e-06,1.81516412808
1737192360000,6.4842089713275e-06,6.63149376927472e-06,6.4842089713275e-06,6.63149376927472e-06,0.5014283603349999
1737219000000,6.63149376927472e-06,6.82827329739325e-06,6.63149376927472e-06,6.82827329739325e-06,0.059389273935
1737240960000,6.82827329739325e-06,7.40721018189808e-06,6.82827329739325e-06,7.40721018189808e-06,1.969822545405
1737243120000,7.40721018189808e-06,7.49919169419507e-06,7.40721018189808e-06,7.49919169419507e-06,1.8924933367425
1737243360000,7.49919169419507e-06,7.49919169419507e-06,7.33594295476148e-06,7.33594295476148e-06,2.6171982500000004
1737246120000,7.33594295476148e-06,7.33917376813882e-06,7.33594295476148e-06,7.33917376813882e-06,0.156385380115
1737252060000,7.33917376813882e-06,7.33917376813882e-06,7.0816032091e-06,7.0816032091e-06,2.1244809627300003
1737258060000,7.0816032091e-06,7.4920971090158245e-06,7.37157656832978e-06,7.432951322253391e-06,2.370839606365
1737260580000,7.432951322253391e-06,7.495644401605448e-06,7.42450156687296e-06,7.42450156687296e-06,5.004062309160001
1737265500000,7.42450156687296e-06,7.48500252383658e-06,7.42450156687296e-06,7.48500252383658e-06,3.8106302795800007
1737275220000,7.48500252383658e-06,7.48500252383658e-06,7.44140107763382e-06,7.44140107763382e-06,0.04334533264
1737291060000,7.44140107763382e-06,7.66558267438245e-06,7.44140107763382e-06,7.66558267438245e-06,3.3508247679225
1737301500000,7.66558267438245e-06,7.535186652617529e-06,7.40961626070471e-06,7.437176199943606e-06,3.12092201209375
1737301620000,7.437176199943606e-06,7.515415527111488e-06,7.28600028677883e-06,7.28600028677883e-06,3.235873390008125
1737315840000,7.28600028677883e-06,7.39473095453646e-06,7.28600028677883e-06,7.39473095453646e-06,0.5732669215
1737318120000,7.39473095453646e-06,7.57472890362961e-06,7.39473095453646e-06,7.57472890362961e-06,2.891019256265
1737404760000,7.57472890362961e-06,7.57472890362961e-06,6.8103025158e-06,6.8103025158e-06,0.30574789815
1737409680000,6.8103025158e-06,6.8103025158e-06,6.75741788200183e-06,6.75741788200183e-06,4.126884159645
1737426780000,6.75741788200183e-06,6.75741788200183e-06,6.48583738460246e-06,6.48583738460246e-06,4.8501198449
1737428040000,6.48583738460246e-06,6.48583738460246e-06,6.39306295921494e-06,6.39306295921494e-06,3.481900687545
1737437040000,6.39306295921494e-06,6.39306295921494e-06,6.24033990289588e-06,6.24033990289588e-06,4.072782118825001
1737459060000,6.24033990289588e-06,6.24102316741586e-06,6.24033990289588e-06,6.24102316741586e-06,3.7773414031850003
1737459780000,6.24102316741586e-06,6.24102316741586e-06,6.13066246929221e-06,6.13066246929221e-06,0.11130217713
1737480480000,6.13066246929221e-06,6.2880367039556e-06,6.13066246929221e-06,6.2880367039556e-06,0.8565970402599999
1737547200000,6.2880367039556e-06,6.58434411645251e-06,6.2880367039556e-06,6.58434411645251e-06,7.12107050139
1737553740000,6.58434411645251e-06,6.70428060395647e-06,6.58434411645251e-06,6.70428060395647e-06,0.47508171097000007
1737557460000,6.70428060395647e-06,6.70428060395647e-06,6.5450651512321e-06,6.5450651512321e-06,37.161568774585
1737572640000,6.5450651512321e-06,6.5450651512321e-06,6.42583760729791e-06,6.42583760729791e-06,0.23584763005
